Date,Open,High,Low,Close,Volume
1-May-12,58.49,61.41,58.13,59.80,2949145
30-Apr-12,57.00,59.60,57.00,58.51,2730227
27-Apr-12,59.45,60.04,58.37,59.22,2011733
26-Apr-12,56.83,59.40,56.80,59.02,2957520
25-Apr-12,56.40,57.46,56.01,56.99,2668348
24-Apr-12,56.14,57.90,55.66,56.82,3521414
23-Apr-12,57.90,57.97,55.33,56.64,3381180
20-Apr-12,59.55,60.35,58.04,58.25,2410893
19-Apr-12,59.60,60.73,58.35,59.00,2839107
18-Apr-12,61.48,61.88,57.68,59.13,6559825
17-Apr-12,62.16,62.65,60.94,60.96,3214570
16-Apr-12,65.00,65.00,61.20,61.56,3619159
13-Apr-12,64.79,65.36,63.08,64.00,3388184
12-Apr-12,61.95,65.79,61.20,65.23,5529344
11-Apr-12,61.30,62.25,60.59,61.33,2597424
10-Apr-12,62.31,62.65,59.50,59.99,3285986
9-Apr-12,60.75,62.79,60.52,61.30,2743021
5-Apr-12,61.88,63.28,61.64,61.81,3370426
4-Apr-12,63.00,63.10,60.82,61.41,3738482
3-Apr-12,65.12,66.18,63.45,63.60,4257245
2-Apr-12,62.39,65.47,61.85,63.66,8756715
30-Mar-12,66.53,68.18,64.80,65.00,5386494
29-Mar-12,66.01,66.66,65.00,65.75,3352819
28-Mar-12,68.32,69.56,65.56,66.71,4989874
27-Mar-12,66.18,70.75,64.21,68.64,8769198
26-Mar-12,69.84,70.31,65.70,65.78,7829867
23-Mar-12,70.97,71.30,68.65,69.03,3753613
22-Mar-12,69.90,71.50,68.83,70.15,4116690
21-Mar-12,71.86,73.42,70.19,70.79,5480391
20-Mar-12,72.86,73.00,69.25,71.65,6420597
19-Mar-12,74.03,76.29,73.76,74.10,4007980
16-Mar-12,71.62,75.70,71.62,74.60,6051587
15-Mar-12,72.95,75.53,71.00,74.12,5168597
14-Mar-12,77.00,77.74,71.33,72.24,7479408
13-Mar-12,76.00,77.00,73.80,75.35,6205185
12-Mar-12,80.26,80.80,74.30,74.69,7346182
9-Mar-12,75.19,78.29,74.70,77.40,6699658
8-Mar-12,74.95,76.13,73.90,74.65,5273594
7-Mar-12,69.66,73.83,68.50,72.60,7226286
6-Mar-12,69.93,70.18,66.85,67.80,6010849
5-Mar-12,73.37,75.40,71.17,71.48,5606308
2-Mar-12,72.48,76.65,72.26,74.60,10125638
1-Mar-12,68.57,69.95,67.04,69.76,4581710
29-Feb-12,70.00,71.47,67.62,68.06,6715153
28-Feb-12,65.51,71.90,64.71,70.04,15708223
27-Feb-12,61.40,63.24,60.60,62.95,5455994
24-Feb-12,62.35,63.73,61.10,61.41,3537981
23-Feb-12,60.56,63.43,60.34,62.35,4496597
22-Feb-12,64.20,64.33,61.04,62.52,5457143
21-Feb-12,67.95,68.50,63.44,64.05,4931578
17-Feb-12,69.17,69.37,66.23,67.74,3730093
16-Feb-12,67.20,69.31,65.70,68.69,4159942
15-Feb-12,69.63,69.99,66.25,66.38,3896141
14-Feb-12,70.70,70.70,67.35,68.12,4248058
13-Feb-12,66.65,70.76,66.57,70.21,6550752
10-Feb-12,64.30,67.32,63.64,65.14,4951893
9-Feb-12,66.59,67.40,63.30,65.43,6092825
8-Feb-12,66.59,67.65,64.75,65.69,5673694
7-Feb-12,68.20,68.78,64.10,65.43,8730274
6-Feb-12,70.66,72.25,69.60,70.08,5656581
3-Feb-12,76.55,76.65,73.50,75.00,5556132
2-Feb-12,75.10,77.80,73.23,75.30,7018048
1-Feb-12,71.26,74.44,70.86,73.89,6384361
31-Jan-12,69.46,70.82,68.80,70.27,4653462
30-Jan-12,69.61,71.40,67.75,69.23,8713377
27-Jan-12,62.00,71.08,61.07,69.96,10223353
26-Jan-12,64.98,65.77,61.80,62.39,3176500
25-Jan-12,63.62,64.47,62.78,64.30,2748447
24-Jan-12,63.47,64.50,62.10,64.44,2877185
23-Jan-12,65.37,67.58,63.55,64.48,4723898
20-Jan-12,61.76,65.20,61.31,64.96,5573909
19-Jan-12,62.08,63.16,60.10,62.01,5764296
18-Jan-12,60.19,61.45,58.13,60.66,5385605
17-Jan-12,62.58,63.53,61.16,61.20,4351604
13-Jan-12,59.92,59.92,59.92,59.92,0
12-Jan-12,60.00,60.85,58.10,60.12,8358693
11-Jan-12,54.45,57.75,53.60,57.48,7529783
10-Jan-12,54.37,54.37,54.37,54.37,0
9-Jan-12,49.29,50.42,47.13,48.20,7434604
6-Jan-12,53.26,54.37,50.08,50.69,4485834
5-Jan-12,53.05,54.77,52.12,52.97,4263584
4-Jan-12,55.26,55.26,53.24,53.56,3570666
3-Jan-12,53.41,56.84,53.32,55.60,4800707
30-Dec-11,52.00,52.00,52.00,52.00,0
29-Dec-11,52.97,54.00,51.93,53.16,2362141
28-Dec-11,53.06,53.06,53.06,53.06,0
27-Dec-11,55.06,56.74,54.06,54.68,2677571
23-Dec-11,55.76,55.76,55.76,55.76,0
22-Dec-11,52.00,54.69,50.55,53.58,6713509
21-Dec-11,54.76,54.80,51.06,52.07,4033065
20-Dec-11,55.79,55.79,55.79,55.79,0
19-Dec-11,54.36,54.80,51.23,52.81,6166395
16-Dec-11,49.20,55.34,46.86,55.05,17379002
15-Dec-11,54.70,55.49,52.11,52.80,4741799
14-Dec-11,56.50,56.77,53.75,54.13,3775688
13-Dec-11,58.51,58.89,56.02,57.01,4976857
12-Dec-11,58.46,58.46,58.46,58.46,0
9-Dec-11,61.85,62.85,60.52,61.86,2972673
8-Dec-11,63.01,63.67,60.80,61.26,3897302
7-Dec-11,61.85,64.55,60.42,63.92,3983257
6-Dec-11,65.22,66.75,62.60,62.72,4135413
5-Dec-11,69.00,69.95,65.30,66.35,3918952
2-Dec-11,69.20,69.57,67.76,68.52,4704385
1-Dec-11,63.91,67.19,63.55,66.41,4273493
30-Nov-11,66.12,67.54,62.84,66.08,6781127
29-Nov-11,59.78,63.50,58.35,62.67,8176698
28-Nov-11,65.51,66.61,56.05,59.73,18046677
25-Nov-11,63.05,64.95,62.62,63.15,1585048
23-Nov-11,63.51,63.51,63.51,63.51,0
22-Nov-11,65.63,67.41,63.64,65.83,4257958
21-Nov-11,72.38,72.38,63.31,65.70,9332202
18-Nov-11,75.75,75.75,73.25,74.12,2565790
17-Nov-11,78.29,78.45,72.28,74.91,4102830
16-Nov-11,77.72,80.00,77.40,77.96,2841639
15-Nov-11,78.25,78.90,76.70,78.35,2872009
14-Nov-11,78.77,80.50,77.77,78.89,2014490
11-Nov-11,77.30,79.67,75.62,79.16,2988115
10-Nov-11,78.62,78.62,75.14,76.08,5013853
9-Nov-11,82.74,83.00,77.08,77.50,7548441
8-Nov-11,86.87,87.00,83.10,86.94,5289450
7-Nov-11,83.50,86.39,82.11,85.02,4799199
4-Nov-11,81.77,83.95,79.12,83.10,3570640
3-Nov-11,81.51,82.94,78.50,82.26,3609526
2-Nov-11,80.00,80.75,78.31,80.00,3466266
1-Nov-11,78.45,79.50,76.70,77.69,5490896
31-Oct-11,85.76,86.00,81.03,81.29,4794255
28-Oct-11,88.99,91.11,86.50,88.40,4861281
27-Oct-11,88.70,91.00,86.00,87.39,5345111
26-Oct-11,90.25,92.14,79.60,84.68,8380294
25-Oct-11,91.51,92.37,87.41,88.73,4371382
24-Oct-11,86.03,92.95,85.89,92.37,6132299
21-Oct-11,85.17,85.21,82.22,84.46,3806732
20-Oct-11,82.81,84.20,81.00,83.34,3765556
19-Oct-11,83.82,91.48,82.55,83.26,7049457
18-Oct-11,87.41,87.80,81.03,86.01,6651779
17-Oct-11,90.00,93.39,87.64,88.42,4368774
14-Oct-11,95.00,96.00,89.52,93.08,6026700
13-Oct-11,81.01,93.32,80.96,92.88,16539264
12-Oct-11,81.26,84.55,77.29,78.48,8163515
11-Oct-11,75.53,82.48,75.15,81.78,5745205
10-Oct-11,74.68,78.69,73.00,77.13,6394819
7-Oct-11,78.69,79.28,71.50,73.81,8209123
6-Oct-11,78.00,80.00,75.67,78.78,5421579
5-Oct-11,71.66,76.95,68.51,76.57,7929420
4-Oct-11,67.90,72.67,64.81,72.67,8935792
3-Oct-11,71.61,74.00,67.27,67.90,5747729
30-Sep-11,70.00,77.86,68.00,71.61,11729602
29-Sep-11,84.00,84.35,68.00,73.23,17138387
28-Sep-11,85.72,86.38,80.40,81.10,8193595
27-Sep-11,85.87,89.97,85.72,87.13,6682014
26-Sep-11,88.30,88.64,76.48,82.34,10347503
23-Sep-11,82.13,87.65,82.05,86.91,5600772
22-Sep-11,85.84,87.88,80.52,81.82,10003669
21-Sep-11,96.23,98.10,90.01,90.02,10913124
20-Sep-11,110.92,111.21,90.80,92.76,14605994
19-Sep-11,108.13,110.89,105.51,109.35,4100029
16-Sep-11,110.15,111.00,107.98,110.33,2832048
15-Sep-11,113.13,113.72,108.55,110.15,3788176
14-Sep-11,114.55,114.89,111.11,112.41,5175970
13-Sep-11,107.29,114.24,107.10,113.98,6438440
12-Sep-11,102.33,107.40,101.76,106.73,4295618
9-Sep-11,107.50,110.40,102.22,104.67,5195749
8-Sep-11,107.42,111.97,107.39,108.74,5231948
7-Sep-11,104.50,109.29,104.11,109.20,4925192
6-Sep-11,96.57,102.56,96.50,102.19,3659123
2-Sep-11,101.97,102.50,99.51,101.21,3419991
1-Sep-11,107.42,109.43,104.00,104.44,3738501
31-Aug-11,108.87,108.98,106.00,107.41,6508634
30-Aug-11,96.89,106.55,96.00,105.34,7856395
29-Aug-11,100.01,100.98,96.55,98.00,4308089
26-Aug-11,92.44,98.07,89.25,97.93,5748151
25-Aug-11,94.00,95.99,92.44,93.23,4456150
24-Aug-11,95.58,96.71,88.64,92.37,7721954
23-Aug-11,92.58,96.89,92.01,96.74,6827082
22-Aug-11,93.81,97.70,90.00,90.93,7614704
19-Aug-11,95.05,100.54,89.83,90.05,8597194
18-Aug-11,94.40,99.74,89.26,96.20,12951137
17-Aug-11,97.88,100.62,92.37,92.90,6126877
16-Aug-11,104.50,104.50,94.50,97.91,7528062
15-Aug-11,104.76,106.42,102.75,106.30,3287929
12-Aug-11,105.17,106.99,100.75,103.23,4865170
11-Aug-11,99.33,104.24,97.11,103.00,5486953
10-Aug-11,90.55,101.09,89.53,96.18,7806534
9-Aug-11,0.00,92.78,86.32,92.74,7249659
8-Aug-11,85.01,88.83,82.00,83.07,5918329
5-Aug-11,93.12,93.59,86.00,90.99,7065849
4-Aug-11,96.27,97.29,90.66,90.79,5266259
3-Aug-11,98.41,103.15,95.25,99.87,6362528
2-Aug-11,105.90,109.14,101.60,101.76,4321324
1-Aug-11,109.86,110.49,105.25,106.67,4396282
29-Jul-11,108.04,110.20,106.03,108.09,3947551
28-Jul-11,111.50,113.75,108.11,111.04,3837888
27-Jul-11,114.41,115.80,110.60,110.67,4305863
26-Jul-11,116.08,117.53,115.00,115.38,4249144
25-Jul-11,112.36,116.60,112.16,113.18,4502262
22-Jul-11,112.39,116.75,112.01,114.22,4922672
21-Jul-11,117.77,118.00,110.32,111.70,7030688
20-Jul-11,120.83,121.20,115.40,119.00,4062729
19-Jul-11,124.70,125.37,119.16,119.59,6093950
18-Jul-11,115.93,121.70,115.20,121.01,5384357
15-Jul-11,118.80,119.67,115.30,117.17,4719901
14-Jul-11,115.80,119.19,112.25,114.56,8559520
13-Jul-11,108.85,115.00,108.68,114.54,8394542
12-Jul-11,104.12,108.05,103.28,105.16,6838438
11-Jul-11,110.63,112.13,103.19,105.35,9528828
8-Jul-11,110.39,113.84,110.20,113.58,6171002
7-Jul-11,115.92,115.92,112.29,113.65,7475164
6-Jul-11,112.78,116.33,111.18,113.30,8359238
5-Jul-11,110.09,116.19,108.84,114.62,10820118
1-Jul-11,108.76,108.76,108.76,108.76,0
30-Jun-11,101.00,104.25,98.50,104.10,8993771
29-Jun-11,102.11,102.16,98.50,100.45,9194548
28-Jun-11,96.34,101.62,96.00,100.54,12071701
27-Jun-11,92.27,95.67,91.30,94.80,11208720
24-Jun-11,90.06,93.40,88.13,89.35,9888446
23-Jun-11,83.69,89.90,83.13,87.90,13811115
22-Jun-11,92.18,92.38,85.82,86.05,11822681
21-Jun-11,79.50,92.90,79.21,92.02,16135939
20-Jun-11,81.19,82.25,77.33,77.62,10796499
17-Jun-11,86.32,86.40,79.83,80.57,12265129
16-Jun-11,88.50,89.65,79.61,83.77,12811686
15-Jun-11,90.16,92.17,85.92,86.88,12906356
14-Jun-11,89.10,93.40,88.70,91.61,12027582
13-Jun-11,90.39,91.17,84.91,86.11,13015195
10-Jun-11,91.21,94.34,89.01,89.33,12547684
9-Jun-11,96.37,97.98,88.52,90.92,28837249
8-Jun-11,106.69,109.44,94.76,96.79,19952059
7-Jun-11,111.49,111.83,101.65,109.10,20431664
6-Jun-11,115.62,116.95,107.41,109.39,12019287
3-Jun-11,123.33,128.17,111.00,111.60,14359907
2-Jun-11,121.02,126.42,119.57,125.14,5681538
1-Jun-11,118.23,123.00,117.57,120.00,6463019
31-May-11,119.35,120.47,117.45,118.79,4291143
27-May-11,116.04,116.04,116.04,116.04,0
26-May-11,112.16,115.50,109.75,114.09,4973583
25-May-11,110.70,114.28,110.50,112.00,4156911
24-May-11,110.97,111.90,109.12,109.50,3629805
23-May-11,112.82,112.83,108.53,109.00,5904845
20-May-11,117.50,118.60,114.16,115.97,6767141
19-May-11,111.46,118.75,111.46,117.39,8610396
18-May-11,114.72,116.37,111.02,111.40,8534675
17-May-11,108.14,113.13,105.11,112.94,10888613
16-May-11,104.22,112.97,104.21,106.28,10552393
13-May-11,111.57,111.73,104.98,106.88,14802437
12-May-11,123.15,126.50,112.50,113.15,15119325
11-May-11,121.00,122.86,114.85,119.80,10167917
10-May-11,126.19,126.19,120.00,120.09,5598916
9-May-11,125.50,127.80,124.00,124.45,3630435
6-May-11,126.52,126.88,123.45,125.19,4519146
5-May-11,118.50,125.90,118.50,122.26,6917091
4-May-11,120.80,124.26,115.66,118.76,10383447
3-May-11,134.64,134.71,122.00,122.22,8687841
2-May-11,137.39,139.38,134.50,135.00,4282701
29-Apr-11,130.60,135.84,130.00,134.75,3915098
28-Apr-11,128.60,132.96,127.56,130.47,4944864
27-Apr-11,134.65,135.22,125.11,129.06,6949375
26-Apr-11,139.89,140.38,133.11,134.61,5111506
25-Apr-11,129.50,139.86,127.35,138.41,6135852
21-Apr-11,133.06,133.06,133.06,133.06,0
20-Apr-11,145.69,145.73,140.10,142.83,8394333
19-Apr-11,137.50,147.12,136.01,142.40,15507728
18-Apr-11,123.38,135.94,121.20,135.13,8815763
15-Apr-11,123.88,124.56,120.84,124.56,4365993
14-Apr-11,122.16,122.16,122.16,122.16,0
13-Apr-11,114.77,120.00,114.15,119.95,6366160
12-Apr-11,114.13,115.98,110.80,111.27,4025302
11-Apr-11,115.01,118.76,111.41,116.27,6623950
8-Apr-11,119.39,120.48,115.00,119.35,5576818
7-Apr-11,110.97,117.25,109.67,117.02,4005924
6-Apr-11,108.25,108.25,108.25,108.25,0
5-Apr-11,116.41,116.45,112.90,113.56,3417040
4-Apr-11,113.57,116.66,113.17,116.56,4008276
1-Apr-11,108.00,112.15,107.70,111.45,3362710
31-Mar-11,107.15,108.86,105.51,107.04,2615708
30-Mar-11,109.25,109.25,109.25,109.25,0
29-Mar-11,103.96,108.59,103.35,107.65,3343070
28-Mar-11,105.80,106.38,103.27,103.49,3412840
25-Mar-11,103.82,103.82,103.82,103.82,0
24-Mar-11,99.56,101.96,97.22,101.10,4301846
23-Mar-11,94.30,98.95,93.42,98.60,3191210
22-Mar-11,93.02,94.77,91.65,94.70,2944197
21-Mar-11,90.00,93.25,89.79,93.05,2787991
18-Mar-11,86.64,86.64,86.64,86.64,0
17-Mar-11,92.99,93.90,87.39,87.88,4928136
16-Mar-11,93.20,95.78,90.14,90.91,4795335
15-Mar-11,91.43,92.95,87.33,91.35,5067125
14-Mar-11,94.80,98.98,94.48,95.72,5101856
11-Mar-11,94.61,94.61,94.61,94.61,0
10-Mar-11,88.12,92.76,86.66,92.24,3223842
9-Mar-11,89.02,92.45,88.00,90.08,4063151
8-Mar-11,83.20,88.97,81.89,88.73,4254124
7-Mar-11,84.58,85.47,81.00,82.81,2788791
4-Mar-11,79.89,84.39,79.50,84.13,4873360
3-Mar-11,78.08,80.16,78.01,79.25,3190522
2-Mar-11,76.20,76.20,76.20,76.20,0
1-Mar-11,83.17,84.79,80.72,82.00,4567289
28-Feb-11,82.79,84.11,80.61,81.67,2810520
25-Feb-11,81.28,81.28,81.28,81.28,0
24-Feb-11,76.76,79.95,76.37,78.00,3137413
23-Feb-11,78.59,79.77,75.18,75.64,4688517
22-Feb-11,80.06,83.00,77.32,78.12,6673627
18-Feb-11,85.52,85.52,85.52,85.52,0
17-Feb-11,89.71,89.71,88.02,88.10,2223782
16-Feb-11,90.00,90.68,88.66,89.74,2753678
15-Feb-11,94.91,94.98,92.50,93.34,1369582
14-Feb-11,93.68,95.29,93.61,93.89,1098588
11-Feb-11,93.42,94.00,91.93,93.16,1616550
10-Feb-11,90.36,94.30,89.45,94.17,2050975
9-Feb-11,91.48,93.94,90.64,92.50,2027907
8-Feb-11,90.53,91.18,88.07,90.77,1379636
7-Feb-11,92.29,92.84,90.30,90.70,1708249
4-Feb-11,88.50,91.10,88.01,91.09,2010896
3-Feb-11,88.68,90.00,87.00,88.33,1849583
2-Feb-11,85.00,88.19,84.30,87.76,1875212
1-Feb-11,88.25,89.18,85.25,85.49,2311783
31-Jan-11,82.94,85.99,81.85,85.25,2727321
28-Jan-11,82.91,83.73,79.65,80.68,2435229
27-Jan-11,81.20,83.40,81.00,83.06,2369878
26-Jan-11,81.60,82.46,80.50,81.31,2005552
25-Jan-11,83.17,83.17,80.60,81.30,1836124
24-Jan-11,78.75,83.96,78.33,83.50,3376923
21-Jan-11,81.61,81.77,78.13,78.76,2345460
20-Jan-11,80.17,82.91,78.73,79.93,3132574
19-Jan-11,87.49,87.66,80.55,81.09,4638006
18-Jan-11,87.81,90.05,86.50,87.08,3586182
14-Jan-11,88.17,88.17,88.17,88.17,0
13-Jan-11,82.57,87.45,82.43,85.53,3807053
12-Jan-11,84.55,84.64,81.06,81.55,3152011
11-Jan-11,77.86,83.60,77.66,82.77,7371576
10-Jan-11,76.00,76.99,75.14,76.82,1329370
7-Jan-11,75.99,77.34,75.20,75.93,1938518
6-Jan-11,76.52,78.64,75.01,77.08,2385845
5-Jan-11,75.62,76.99,73.90,75.10,1925204
4-Jan-11,74.87,74.87,74.87,74.87,0
3-Jan-11,70.47,71.92,69.12,71.48,1917669
31-Dec-10,70.07,70.18,68.80,68.82,680002
30-Dec-10,70.75,70.78,69.64,70.08,638527
29-Dec-10,70.53,71.18,70.11,70.31,942911
28-Dec-10,70.85,70.85,70.85,70.85,0
27-Dec-10,70.33,71.53,70.00,71.31,854974
23-Dec-10,70.89,70.89,70.89,70.89,0
22-Dec-10,73.63,73.72,70.75,71.00,1606472
21-Dec-10,68.02,73.86,68.02,73.70,2627104
20-Dec-10,69.52,70.29,66.00,67.64,2107173
17-Dec-10,69.18,69.86,68.04,68.89,1348720
16-Dec-10,71.26,71.26,69.54,70.07,1236133
15-Dec-10,68.05,71.02,68.04,70.83,2047060
14-Dec-10,70.99,71.50,68.20,68.67,2439501
13-Dec-10,73.98,74.62,70.91,71.16,1758024
10-Dec-10,76.00,76.36,73.24,73.88,2415283
9-Dec-10,71.86,75.80,71.74,75.62,3380190
8-Dec-10,69.10,71.51,69.10,71.50,1681142
7-Dec-10,70.35,70.47,68.65,69.10,1386971
6-Dec-10,69.52,70.34,69.00,69.25,918253
3-Dec-10,67.58,69.39,67.31,69.06,1335923
2-Dec-10,67.46,68.00,66.60,67.99,1821980
1-Dec-10,65.78,68.88,65.44,66.93,2186452
30-Nov-10,64.88,65.03,63.24,64.02,1583428
29-Nov-10,61.39,65.55,61.20,65.19,2936766
26-Nov-10,61.80,62.47,61.54,61.81,478832
24-Nov-10,62.13,62.13,62.13,62.13,0
23-Nov-10,58.91,60.50,58.57,59.95,1254492
22-Nov-10,59.46,60.97,57.97,60.09,2314223
19-Nov-10,60.77,60.77,59.50,59.64,1384499
18-Nov-10,60.88,61.90,60.00,61.06,1908063
17-Nov-10,56.35,61.73,56.25,60.32,6144985
16-Nov-10,57.97,58.08,56.33,56.99,2027494
15-Nov-10,60.44,60.50,58.13,58.53,1075720
12-Nov-10,59.39,60.00,58.00,58.70,1256961
11-Nov-10,59.95,60.68,59.60,60.49,1798595
10-Nov-10,61.24,62.11,59.74,61.79,1375011
9-Nov-10,63.00,63.52,60.80,61.34,1422370
8-Nov-10,60.70,63.29,58.62,62.60,2716886
5-Nov-10,58.75,60.36,58.43,59.14,1200708
4-Nov-10,57.85,58.65,56.91,58.45,1940219
3-Nov-10,56.50,57.03,55.82,57.00,851174
2-Nov-10,55.69,56.58,55.02,56.49,965628
1-Nov-10,56.60,58.00,54.64,55.24,1267630
29-Oct-10,54.77,56.57,54.12,56.30,744387
28-Oct-10,55.86,55.86,54.18,54.83,740313
27-Oct-10,55.36,55.75,54.00,55.42,1723384
26-Oct-10,56.67,57.80,55.72,55.85,1203517
25-Oct-10,56.00,58.32,55.25,56.82,3136163
22-Oct-10,52.93,54.40,52.81,53.91,767787
21-Oct-10,52.43,53.55,51.71,52.31,1551649
20-Oct-10,51.50,52.80,51.46,51.67,1304428
19-Oct-10,53.50,53.80,51.27,51.40,1076815
18-Oct-10,53.71,54.61,53.34,53.98,573445
15-Oct-10,52.98,55.23,52.72,54.06,1598169
14-Oct-10,53.22,53.26,51.91,52.55,663909
13-Oct-10,53.22,53.80,53.04,53.14,903020
12-Oct-10,53.18,53.18,51.68,52.58,889160
11-Oct-10,51.79,53.80,51.00,52.87,2113099
8-Oct-10,49.95,51.50,49.06,50.86,1382611
7-Oct-10,48.84,50.07,48.50,49.98,1009528
6-Oct-10,51.00,51.00,48.59,49.09,1470666
5-Oct-10,50.98,51.20,50.25,51.02,1184674
4-Oct-10,50.85,51.80,49.75,50.33,1222433
1-Oct-10,51.26,51.45,50.13,50.66,1373345
30-Sep-10,51.94,52.28,49.40,50.58,1894812
29-Sep-10,51.43,52.30,50.35,51.75,1045338
28-Sep-10,52.30,52.32,51.00,51.90,879961
27-Sep-10,51.71,53.05,51.23,52.41,1211642
24-Sep-10,51.56,52.34,50.70,51.98,1759501
23-Sep-10,48.99,51.63,48.91,50.74,1838212
22-Sep-10,50.99,51.00,48.95,49.49,2044558
21-Sep-10,51.20,52.73,50.50,51.35,3834638
20-Sep-10,48.29,51.27,48.14,51.13,2440937
17-Sep-10,51.00,51.00,47.75,48.01,3927892
16-Sep-10,46.11,50.34,46.00,50.30,4551669
15-Sep-10,44.82,47.10,44.71,45.91,3193985
14-Sep-10,44.78,45.15,44.40,44.65,722950
13-Sep-10,44.11,45.79,43.98,44.80,2460538
10-Sep-10,43.35,43.48,42.91,43.33,309617
9-Sep-10,43.60,44.00,43.08,43.32,675519
8-Sep-10,43.00,43.61,42.88,43.11,592991
7-Sep-10,43.99,44.39,42.98,43.06,823113
6-Sep-10,44.42,44.42,44.42,44.42,0
3-Sep-10,44.42,44.42,44.42,44.42,0
2-Sep-10,44.65,44.98,44.14,44.22,745474
1-Sep-10,43.62,44.85,43.44,44.66,1251532
31-Aug-10,41.90,42.97,41.46,42.82,864225
30-Aug-10,42.38,42.82,41.88,41.93,241259
27-Aug-10,41.21,43.00,41.08,42.67,741306
26-Aug-10,41.27,41.50,41.06,40.99,368378
25-Aug-10,41.30,41.34,40.68,41.23,976958
24-Aug-10,41.70,41.75,41.18,41.36,501523
23-Aug-10,42.05,42.59,41.40,42.23,523080
20-Aug-10,42.15,42.50,42.01,42.12,404975
19-Aug-10,42.51,42.80,42.03,42.25,383455
18-Aug-10,42.56,43.02,42.48,42.61,582348
17-Aug-10,42.76,43.20,42.48,42.65,547165
16-Aug-10,42.42,42.81,42.42,42.50,795738
13-Aug-10,43.03,43.90,42.51,42.89,517952
12-Aug-10,42.83,43.61,42.83,43.49,902564
11-Aug-10,43.55,43.77,42.81,43.29,756033
10-Aug-10,44.38,44.70,43.95,44.47,747763
9-Aug-10,44.99,45.92,44.98,45.13,556782
6-Aug-10,45.10,45.36,44.64,45.05,1466038
5-Aug-10,44.46,45.69,43.95,45.66,4490150
4-Aug-10,43.23,43.68,42.74,42.82,1604409
3-Aug-10,42.93,43.39,42.75,42.99,498604
2-Aug-10,43.00,43.74,42.80,42.96,746468
30-Jul-10,41.87,42.84,41.60,42.78,646144
29-Jul-10,41.42,42.26,41.08,42.01,1123772
28-Jul-10,42.56,42.66,41.05,41.30,568962
27-Jul-10,43.00,43.00,41.95,42.57,686733
26-Jul-10,41.80,42.99,41.73,42.72,1147995
23-Jul-10,40.71,41.92,40.40,41.80,821076
22-Jul-10,40.58,41.07,40.50,40.98,1212340
21-Jul-10,40.37,40.56,39.95,40.16,682929
20-Jul-10,39.89,40.38,39.47,40.34,777502
19-Jul-10,40.00,40.21,38.90,40.20,1201617
16-Jul-10,39.14,40.19,39.12,39.91,1937209
15-Jul-10,38.20,39.80,37.55,39.72,2135821
14-Jul-10,36.53,36.72,36.06,36.66,350887
13-Jul-10,36.75,37.11,36.63,36.86,631618
12-Jul-10,36.26,36.97,36.12,36.40,653825
9-Jul-10,35.82,36.35,35.12,36.26,637186
8-Jul-10,36.28,36.33,35.44,35.90,529263
7-Jul-10,34.98,36.09,34.75,35.90,714086
6-Jul-10,35.08,35.65,34.44,34.62,476476
5-Jul-10,34.46,34.46,34.46,34.46,0
2-Jul-10,34.46,34.46,34.46,34.46,0
1-Jul-10,35.27,35.81,34.56,34.97,753286
30-Jun-10,35.08,35.86,35.08,35.26,1020712
29-Jun-10,36.40,36.47,34.62,34.95,1132022
28-Jun-10,37.22,37.44,36.59,36.84,293851
25-Jun-10,37.28,39.97,37.04,37.31,333626
24-Jun-10,38.08,38.25,36.80,37.05,445273
23-Jun-10,38.90,38.99,38.02,38.27,409604
22-Jun-10,38.45,39.04,38.04,38.29,815115
21-Jun-10,38.66,39.95,38.25,38.44,1274311
18-Jun-10,38.07,38.22,37.81,38.18,650363
17-Jun-10,37.87,38.29,37.46,38.02,605311
16-Jun-10,37.22,38.17,37.22,37.97,903637
15-Jun-10,36.83,37.64,36.83,37.61,708799
14-Jun-10,37.15,37.42,36.55,36.66,354571
11-Jun-10,36.43,37.13,36.22,37.03,684263
10-Jun-10,36.48,36.77,35.83,36.75,854668
9-Jun-10,35.91,36.62,35.41,35.63,1088660
8-Jun-10,35.22,35.65,34.83,35.16,1028477
7-Jun-10,36.35,36.48,35.00,35.11,843649
4-Jun-10,37.05,37.50,36.00,36.23,852024
3-Jun-10,37.64,38.00,37.39,37.84,1628085
2-Jun-10,36.69,37.51,36.68,37.39,1196483
1-Jun-10,37.06,37.45,36.65,36.74,697339
31-May-10,37.37,37.37,37.37,37.37,0
28-May-10,37.37,37.37,37.37,37.37,0
27-May-10,36.15,37.20,36.05,37.14,1323957
26-May-10,35.58,36.19,34.85,35.23,1036160
25-May-10,34.82,35.11,33.93,35.11,1444174
24-May-10,35.51,36.48,35.36,36.16,1102153
21-May-10,34.21,35.69,34.09,35.51,1267590
20-May-10,35.32,35.98,34.20,34.28,1615647
19-May-10,37.44,37.46,35.83,36.29,1753391
18-May-10,36.99,39.17,36.70,37.57,4490921
17-May-10,34.00,35.34,34.00,34.85,1261566
14-May-10,35.36,35.42,34.56,35.11,832050
13-May-10,35.35,36.84,35.18,35.41,1483880
12-May-10,33.87,35.28,33.68,35.11,1058999
11-May-10,33.95,34.24,33.40,33.76,1218394
10-May-10,34.16,34.92,34.00,34.49,815973
7-May-10,33.27,33.68,32.18,32.74,1423116
6-May-10,34.16,34.68,32.00,33.00,1620399
5-May-10,33.80,35.11,33.78,34.50,1392886
4-May-10,36.32,36.32,33.94,34.13,2299300
3-May-10,36.99,37.31,36.52,36.68,596714
30-Apr-10,36.55,37.00,35.81,36.70,1320119
29-Apr-10,36.17,36.90,36.01,36.25,784861
28-Apr-10,36.21,36.23,35.25,35.51,1106309
27-Apr-10,37.68,37.68,35.75,36.16,1860434
26-Apr-10,37.73,38.70,37.71,37.78,907009
23-Apr-10,37.18,37.87,36.94,37.79,879268
22-Apr-10,37.27,37.40,36.44,37.34,1370779
21-Apr-10,37.92,37.93,36.94,37.74,725346
20-Apr-10,37.27,38.06,36.90,37.93,1099179
19-Apr-10,37.24,37.56,36.63,36.83,1109878
16-Apr-10,38.53,38.65,37.56,37.70,1388226
15-Apr-10,38.96,39.10,38.58,38.91,984949
14-Apr-10,39.70,39.93,38.84,38.95,2165567
13-Apr-10,39.98,40.25,39.11,39.39,2550726
12-Apr-10,39.10,40.58,38.53,40.07,1790671
9-Apr-10,38.69,39.19,38.65,39.03,839346
8-Apr-10,38.55,39.18,38.17,38.69,1370432
7-Apr-10,39.20,39.41,38.62,38.81,756764
6-Apr-10,39.00,39.86,38.83,39.22,1725156
5-Apr-10,38.74,39.50,38.60,39.21,711327
2-Apr-10,38.50,38.50,38.50,38.50,0
1-Apr-10,38.50,38.50,38.50,38.50,0
31-Mar-10,37.92,38.32,37.66,37.69,928216
30-Mar-10,38.22,38.35,37.83,38.01,653717
29-Mar-10,38.17,38.50,38.10,38.27,923634
26-Mar-10,38.97,38.97,37.78,38.11,605039
25-Mar-10,38.88,39.25,38.52,38.69,753792
24-Mar-10,38.58,38.98,37.74,38.53,1656925
23-Mar-10,40.04,40.22,38.59,38.71,1121324
22-Mar-10,39.50,40.02,39.13,39.82,624890
19-Mar-10,40.20,40.52,39.56,39.76,842916
18-Mar-10,41.00,41.10,40.05,40.17,1121631
17-Mar-10,41.25,41.49,40.92,41.03,1051098
16-Mar-10,40.65,41.18,40.65,41.11,637141
15-Mar-10,41.24,41.62,40.26,40.58,1031314
12-Mar-10,41.25,41.91,41.10,41.21,1047932
11-Mar-10,41.32,41.32,40.67,41.13,913900
10-Mar-10,41.00,41.50,40.74,41.38,1004819
9-Mar-10,41.47,41.80,40.85,41.00,887741
8-Mar-10,40.90,42.10,40.82,41.95,1333915
5-Mar-10,39.60,41.04,39.50,40.93,2249740
4-Mar-10,36.60,39.90,36.60,39.40,2942608
3-Mar-10,38.37,38.37,37.02,37.49,1428944
2-Mar-10,37.58,38.48,37.44,38.13,868663
1-Mar-10,38.34,38.59,37.03,37.37,1207214
26-Feb-10,37.14,38.20,37.14,37.82,705726
25-Feb-10,36.39,37.34,36.03,37.21,879857
24-Feb-10,36.94,37.43,36.38,36.92,877162
23-Feb-10,37.76,37.78,36.28,36.96,1320819
22-Feb-10,38.27,38.27,37.40,37.86,776315
19-Feb-10,37.81,38.00,37.40,37.80,499785
18-Feb-10,37.71,38.15,37.63,38.05,474022
17-Feb-10,37.76,38.50,37.62,38.03,1542164
16-Feb-10,36.34,37.55,35.90,37.43,1103031
15-Feb-10,36.06,36.06,36.06,36.06,0
12-Feb-10,36.06,36.06,36.06,36.06,0
11-Feb-10,35.99,37.04,35.39,36.98,1476175
10-Feb-10,36.30,36.58,35.26,36.01,1356598
9-Feb-10,36.33,36.68,35.59,36.09,892381
8-Feb-10,36.09,36.65,35.67,35.85,561663
5-Feb-10,36.00,36.32,35.50,36.05,1083026
4-Feb-10,37.08,37.08,35.83,35.93,916034
3-Feb-10,37.91,38.01,37.36,37.36,842170
2-Feb-10,36.37,37.96,36.37,37.84,1580335
1-Feb-10,35.49,37.42,35.27,36.46,2669784
29-Jan-10,37.50,37.86,35.93,36.16,913712
28-Jan-10,37.90,38.41,36.90,37.36,1568269
27-Jan-10,38.69,38.69,37.30,37.89,2251479
26-Jan-10,39.07,39.11,38.03,38.71,1876906
25-Jan-10,39.88,39.90,39.03,39.29,1540644
22-Jan-10,41.45,41.45,38.55,39.03,2501072
21-Jan-10,43.25,43.55,41.26,41.46,1543788
20-Jan-10,44.26,44.26,42.67,43.12,755858
19-Jan-10,44.70,45.23,44.29,44.63,658237
18-Jan-10,44.73,44.73,44.73,44.73,0
15-Jan-10,44.73,44.73,44.73,44.73,0
14-Jan-10,45.35,46.25,45.26,45.43,521696
13-Jan-10,46.44,46.45,44.66,45.12,1331234
12-Jan-10,45.55,45.83,44.15,44.57,1331911
11-Jan-10,45.50,46.12,45.16,45.87,760116
8-Jan-10,44.87,45.33,44.23,44.91,1043039
7-Jan-10,46.40,46.40,44.95,45.14,846185
6-Jan-10,46.32,47.25,45.53,46.00,707274
5-Jan-10,45.95,46.31,45.00,46.21,1166721
4-Jan-10,45.69,46.25,45.54,45.75,660164
1-Jan-10,45.18,45.18,45.18,45.18,0
31-Dec-09,45.18,45.18,45.18,45.18,0
30-Dec-09,44.50,45.39,44.41,45.22,555383
29-Dec-09,43.86,44.96,43.61,44.72,530577
28-Dec-09,44.04,44.94,44.04,44.65,453152
25-Dec-09,44.71,44.71,44.71,44.71,0
24-Dec-09,44.79,45.00,44.41,44.71,267591
23-Dec-09,44.36,45.18,44.00,44.86,842424
22-Dec-09,44.23,44.27,43.22,44.03,683926
21-Dec-09,45.00,45.05,43.90,44.24,675090
18-Dec-09,45.05,45.14,44.48,44.69,948788
17-Dec-09,45.62,45.74,44.52,44.86,502020
16-Dec-09,46.55,46.74,45.81,46.00,425929
15-Dec-09,45.63,46.73,45.55,46.21,833299
14-Dec-09,45.37,46.04,44.89,46.01,796309
11-Dec-09,45.05,45.28,44.64,44.95,704895
10-Dec-09,44.00,44.99,43.90,44.58,810501
9-Dec-09,43.40,44.30,43.30,43.76,982980
8-Dec-09,43.62,44.10,42.62,43.30,1408404
7-Dec-09,45.04,45.10,43.63,43.82,724666
4-Dec-09,45.94,46.00,43.75,44.98,1052428
3-Dec-09,46.63,46.93,45.66,45.72,359775
2-Dec-09,46.74,47.09,46.15,46.34,663907
1-Dec-09,45.49,47.04,45.43,46.72,1096043
30-Nov-09,44.84,45.75,44.60,45.26,862392
27-Nov-09,43.51,44.99,43.01,44.78,732987
26-Nov-09,44.66,44.66,44.66,44.66,0
25-Nov-09,44.65,44.70,43.95,44.66,606357
24-Nov-09,44.49,44.62,43.76,44.47,918131
23-Nov-09,44.98,45.69,44.31,44.49,815090
20-Nov-09,44.77,45.00,44.38,44.50,778524
19-Nov-09,45.17,45.56,44.73,45.00,1117822
18-Nov-09,46.65,47.29,44.91,45.46,2018729
17-Nov-09,46.06,47.95,46.06,47.03,4870339
16-Nov-09,42.60,43.52,42.36,42.91,2146242
13-Nov-09,42.39,42.60,41.83,42.42,729749
12-Nov-09,42.63,42.89,42.05,42.15,499298
11-Nov-09,41.71,42.56,41.46,42.34,662200
10-Nov-09,41.82,41.92,40.87,41.30,422797
9-Nov-09,41.00,42.16,40.99,42.04,602908
6-Nov-09,39.99,40.91,39.86,40.76,1673429
5-Nov-09,39.69,40.49,39.43,40.40,809870
4-Nov-09,38.60,39.77,38.50,39.27,1342634
3-Nov-09,38.39,38.79,37.68,38.65,605749
2-Nov-09,37.81,38.81,37.50,38.65,840017
30-Oct-09,38.41,39.45,37.28,37.39,906035
29-Oct-09,37.55,38.74,37.45,38.44,1066352
28-Oct-09,38.52,39.10,37.24,37.36,1474525
27-Oct-09,39.66,39.66,37.85,38.44,2314468
26-Oct-09,40.50,41.10,39.64,40.32,1935668
23-Oct-09,41.29,41.78,41.19,41.61,1400198
22-Oct-09,41.31,41.55,40.43,41.36,1292436
21-Oct-09,41.95,41.95,40.97,41.17,1100340
20-Oct-09,41.13,42.39,40.86,41.55,2113409
19-Oct-09,39.49,41.35,39.49,40.86,2875772
16-Oct-09,38.44,39.41,38.32,38.64,1570238
15-Oct-09,38.88,39.15,38.67,39.06,2743858
14-Oct-09,39.53,39.75,38.80,39.31,1248152
13-Oct-09,38.33,39.12,37.98,39.00,931845
12-Oct-09,38.85,39.41,38.07,38.29,1059827
9-Oct-09,39.25,39.48,38.33,38.59,1346594
8-Oct-09,39.50,40.34,39.19,39.33,1689742
7-Oct-09,38.99,39.55,38.78,39.23,1116844
6-Oct-09,36.91,39.29,36.66,39.13,2191269
5-Oct-09,36.89,37.79,36.38,36.83,1612718
2-Oct-09,36.30,37.16,36.25,36.88,1376334
1-Oct-09,37.85,38.02,36.33,36.34,1699244
30-Sep-09,38.25,38.53,37.55,37.96,2298278
29-Sep-09,36.20,38.70,35.78,38.25,3410522
28-Sep-09,35.55,36.90,35.45,36.07,1451683
25-Sep-09,34.38,35.30,34.11,35.25,1273806
24-Sep-09,34.63,34.78,33.64,34.22,1246405
23-Sep-09,34.91,36.00,34.13,34.39,3067298
22-Sep-09,34.89,35.14,34.33,34.61,884699
21-Sep-09,34.73,34.87,33.98,34.69,742142
18-Sep-09,35.65,35.73,34.88,35.16,936326
17-Sep-09,34.40,35.65,34.32,35.58,1720551
16-Sep-09,33.50,34.92,33.50,34.62,875147
15-Sep-09,33.11,33.41,32.84,33.32,553982
14-Sep-09,32.63,33.16,32.59,33.11,332453
11-Sep-09,33.22,33.22,32.80,33.06,604744
10-Sep-09,32.79,33.17,32.75,32.90,1429404
9-Sep-09,32.40,33.15,32.20,33.13,1769196
8-Sep-09,31.50,32.35,31.06,32.35,1951674
4-Sep-09,30.99,31.25,30.45,31.16,810794
3-Sep-09,29.79,30.99,29.73,30.47,2017316
2-Sep-09,29.90,30.00,29.28,29.32,1036717
1-Sep-09,29.91,31.16,29.71,29.83,2435674
31-Aug-09,30.00,30.11,29.34,30.00,1524629
28-Aug-09,31.20,31.20,30.05,30.34,1025217
27-Aug-09,31.80,31.84,30.95,31.08,862739
26-Aug-09,31.44,31.76,31.00,31.62,785286
25-Aug-09,31.81,32.00,31.46,31.52,330607
24-Aug-09,31.49,32.17,31.40,31.80,889060
21-Aug-09,31.25,31.59,30.80,31.50,731010
20-Aug-09,30.88,31.58,30.73,31.16,1839913
19-Aug-09,29.84,31.09,29.15,30.61,2645531
18-Aug-09,29.14,30.61,29.14,30.05,2535954
17-Aug-09,30.00,30.07,28.91,29.06,1693327
14-Aug-09,30.55,30.68,30.03,30.33,771044
13-Aug-09,30.91,30.93,29.50,30.42,1194598
12-Aug-09,30.75,31.35,30.42,30.85,1960645
10-Aug-09,32.93,33.14,31.98,32.31,848645
7-Aug-09,33.36,33.50,32.64,32.93,550477
6-Aug-09,34.00,34.08,32.36,32.76,1238498
5-Aug-09,34.58,34.70,33.51,33.76,1382428
4-Aug-09,34.66,34.83,33.86,34.80,874923
3-Aug-09,33.46,35.04,33.46,34.87,1233454
31-Jul-09,33.70,34.03,32.95,33.18,1148291
30-Jul-09,33.12,34.05,33.12,33.55,957268
29-Jul-09,33.63,33.75,32.70,33.06,741588
28-Jul-09,33.63,34.42,33.49,33.74,859530
27-Jul-09,34.80,34.82,33.30,33.87,2054613
24-Jul-09,34.40,35.29,33.80,34.83,1826115
23-Jul-09,33.37,34.65,33.24,34.00,1886323
22-Jul-09,31.94,33.46,31.94,33.32,1663769
21-Jul-09,33.20,33.20,31.95,32.59,1833596
20-Jul-09,31.39,33.36,31.38,33.12,2973514
17-Jul-09,30.74,31.66,30.15,31.46,2009989
16-Jul-09,29.01,30.52,29.01,30.49,1519946
15-Jul-09,29.00,29.59,28.87,29.00,1013058
14-Jul-09,27.91,28.58,27.86,28.57,877500
13-Jul-09,27.51,28.04,26.86,27.84,1128849
10-Jul-09,28.29,28.70,27.40,27.57,1273036
9-Jul-09,27.70,28.91,27.38,28.62,1589238
8-Jul-09,27.73,28.03,27.00,27.40,815173
7-Jul-09,27.78,27.96,27.31,27.35,1000864
6-Jul-09,28.63,28.99,27.70,28.00,1869898
3-Jul-09,28.64,28.64,28.64,28.64,0
2-Jul-09,29.12,29.37,28.13,28.64,1091112
1-Jul-09,29.81,30.05,29.16,29.25,1392431
30-Jun-09,30.18,31.00,29.20,29.48,1495026
29-Jun-09,30.45,30.86,30.10,30.31,1186611
26-Jun-09,31.49,31.98,31.25,31.40,2033963
25-Jun-09,30.22,32.60,30.09,31.82,3483583
24-Jun-09,29.48,30.24,29.48,30.00,1231083
23-Jun-09,28.71,30.08,28.71,29.09,2122006
22-Jun-09,29.52,29.95,28.32,28.46,2184052
19-Jun-09,30.12,30.51,30.06,30.22,1945577
18-Jun-09,29.86,30.04,29.41,29.90,1085785
17-Jun-09,30.27,30.65,29.70,29.86,1369594
16-Jun-09,30.50,31.45,30.13,30.18,2869151
15-Jun-09,29.71,30.03,28.81,29.15,1237607
12-Jun-09,30.06,30.22,29.73,30.15,1345977
11-Jun-09,30.00,30.65,29.00,30.01,4320648
10-Jun-09,30.13,31.30,29.78,30.06,5498288
9-Jun-09,33.57,33.78,32.76,32.93,2069245
8-Jun-09,33.10,33.60,31.93,33.37,1585093
5-Jun-09,33.50,33.97,32.63,33.23,1546593
4-Jun-09,32.27,33.16,31.57,33.00,934079
3-Jun-09,31.02,32.07,30.60,32.01,1118467
2-Jun-09,31.95,32.24,30.77,31.35,2509701
1-Jun-09,28.66,32.93,28.59,32.64,3782995
29-May-09,28.95,29.13,27.86,28.11,2232695
28-May-09,28.72,29.20,28.07,28.79,766051
27-May-09,28.51,29.68,28.42,28.81,1287878
26-May-09,29.00,29.24,28.01,28.55,1468574
22-May-09,28.35,28.84,27.82,28.57,728042
21-May-09,28.53,29.22,27.95,28.21,1042710
20-May-09,28.89,29.16,28.32,28.52,1138128
19-May-09,27.07,29.27,26.96,28.89,1320782
18-May-09,26.67,28.15,26.61,27.98,1421027
15-May-09,26.65,26.69,26.13,26.32,1394225
14-May-09,26.58,26.87,25.59,26.66,838403
13-May-09,26.60,26.92,26.23,26.23,1062058
12-May-09,28.10,28.24,26.71,26.86,1006106
11-May-09,27.57,28.21,27.25,27.51,851781
8-May-09,27.44,28.42,27.25,28.17,797062
7-May-09,28.66,28.84,27.26,27.42,1184321
6-May-09,28.70,29.21,27.95,28.76,1576121
5-May-09,28.84,28.84,27.86,28.13,1432943
4-May-09,28.64,29.35,27.93,28.84,2267347
1-May-09,28.22,28.76,27.91,28.50,988686
30-Apr-09,29.00,29.23,27.89,28.01,1796525
29-Apr-09,27.35,29.13,27.35,28.90,2213855
28-Apr-09,28.73,28.95,27.23,27.23,1464607
27-Apr-09,30.51,30.55,28.33,28.78,1686021
24-Apr-09,27.65,30.77,27.55,30.63,2900581
23-Apr-09,26.95,27.87,26.63,27.66,941296
22-Apr-09,26.35,28.16,26.08,26.78,1432675
21-Apr-09,25.47,26.57,25.35,26.32,1481283
20-Apr-09,27.19,27.19,25.71,25.78,1106498
17-Apr-09,27.38,27.93,27.21,27.55,859966
16-Apr-09,27.13,27.96,26.90,27.54,849574
15-Apr-09,27.37,27.83,26.49,26.98,1306125
14-Apr-09,28.17,28.41,27.20,27.26,926954
13-Apr-09,27.22,28.39,26.81,28.25,1580856
10-Apr-09,27.18,27.18,27.18,27.18,0
9-Apr-09,26.00,27.30,26.00,27.18,1505141
8-Apr-09,25.11,25.84,24.83,25.46,1094984
7-Apr-09,25.69,25.86,24.98,25.12,913947
6-Apr-09,26.35,26.35,25.25,26.15,1008867
3-Apr-09,24.60,26.50,24.60,26.40,2157077
2-Apr-09,24.42,25.54,24.32,24.61,1549365
1-Apr-09,23.19,24.04,22.71,23.99,812331
31-Mar-09,23.07,23.69,22.74,23.25,764895
30-Mar-09,22.81,22.94,22.01,22.82,1029740
27-Mar-09,24.15,24.32,23.03,23.28,962358
26-Mar-09,24.56,25.85,24.35,24.53,1640640
25-Mar-09,24.57,25.13,23.63,24.38,1501832
24-Mar-09,22.70,25.00,22.10,24.79,2526660
23-Mar-09,22.17,23.00,22.16,22.91,2102026
20-Mar-09,20.25,21.99,19.98,21.86,3650867
19-Mar-09,19.77,20.74,19.77,20.07,1363778
18-Mar-09,20.86,21.11,19.92,20.74,1495384
17-Mar-09,17.98,21.00,17.89,20.85,5476741
16-Mar-09,21.05,21.79,19.35,19.62,3023483
13-Mar-09,21.09,22.30,20.85,21.02,1678061
12-Mar-09,22.81,23.00,20.94,20.94,2429829
11-Mar-09,20.97,23.21,20.58,23.10,2276941
10-Mar-09,19.39,20.97,19.36,20.76,1093651
9-Mar-09,19.50,19.70,18.85,18.93,682049
6-Mar-09,19.59,19.82,19.02,19.63,955037
5-Mar-09,20.10,20.30,19.45,19.61,969572
4-Mar-09,19.44,20.67,19.44,20.10,1422331
3-Mar-09,20.44,20.77,18.80,19.20,1968594
2-Mar-09,21.14,21.76,20.12,20.24,1449690
27-Feb-09,20.50,21.54,20.12,21.47,1027001
26-Feb-09,21.14,21.80,20.88,21.07,1266080
25-Feb-09,21.25,21.50,20.72,20.81,1609747
24-Feb-09,21.31,21.61,20.51,21.41,1650541
23-Feb-09,21.74,21.90,21.08,21.14,863093
20-Feb-09,20.39,21.63,20.35,21.39,1195362
19-Feb-09,21.17,29.07,20.66,20.70,1149415
18-Feb-09,20.64,21.43,19.90,20.98,1370672
17-Feb-09,20.57,20.61,20.10,20.50,1280332
13-Feb-09,21.22,21.79,21.14,21.44,1069891
12-Feb-09,21.16,21.56,20.66,21.08,1909962
11-Feb-09,21.75,22.14,21.48,21.59,1062846
10-Feb-09,23.73,23.91,21.20,21.48,2115587
9-Feb-09,22.92,24.12,22.52,23.90,3059280
6-Feb-09,22.03,22.55,21.52,22.23,1553223
5-Feb-09,21.42,22.52,20.90,22.12,1860293
4-Feb-09,20.23,21.38,20.01,21.23,1301602
3-Feb-09,20.47,20.47,19.90,20.25,699677
2-Feb-09,20.44,20.73,19.89,20.23,1267283
30-Jan-09,20.78,20.91,20.32,20.46,793214
29-Jan-09,21.55,21.79,20.53,20.69,645497
28-Jan-09,21.11,22.06,21.11,21.85,1095022
27-Jan-09,20.74,21.07,20.43,20.75,709295
26-Jan-09,21.21,22.15,20.41,20.57,1808280
23-Jan-09,20.17,21.61,20.03,21.21,1526939
22-Jan-09,20.63,20.88,20.17,20.59,1578605
21-Jan-09,20.32,21.25,20.27,21.10,2033762
20-Jan-09,20.80,20.91,19.47,20.00,3279530
16-Jan-09,21.70,22.39,21.24,21.51,1578354
15-Jan-09,21.37,21.50,20.55,21.19,1729318
14-Jan-09,20.45,21.78,20.20,21.25,5267280
13-Jan-09,20.33,20.72,20.10,20.63,1877698
12-Jan-09,21.19,21.55,20.20,20.36,1981190
9-Jan-09,22.70,23.19,21.19,21.33,2422796
8-Jan-09,23.27,23.27,22.26,22.45,1504877
7-Jan-09,24.00,24.05,23.31,23.58,1122474
6-Jan-09,24.71,25.48,24.03,24.15,1534983
5-Jan-09,24.33,24.81,23.81,24.68,1129593
2-Jan-09,23.15,24.28,23.15,24.26,725565
1-Jan-09,23.15,23.15,23.15,23.15,0
31-Dec-08,23.09,23.42,22.65,23.15,955642
30-Dec-08,23.00,23.19,22.73,22.89,1254847
29-Dec-08,24.00,24.10,22.88,23.07,597019
26-Dec-08,23.26,23.92,23.02,23.80,729383
25-Dec-08,23.01,23.01,23.01,23.01,0
24-Dec-08,23.00,23.11,22.50,23.01,594389
23-Dec-08,23.50,23.93,22.00,23.00,4278145
22-Dec-08,26.37,26.80,23.41,24.25,9992116
19-Dec-08,29.15,29.58,28.75,29.24,685696
18-Dec-08,29.54,30.05,28.85,29.19,967621
17-Dec-08,28.91,30.37,28.75,29.51,1329637
16-Dec-08,27.50,29.34,27.01,29.18,1407747
15-Dec-08,27.33,28.16,26.90,27.30,969398
12-Dec-08,25.94,27.57,25.50,27.42,1155534
11-Dec-08,25.74,27.98,25.21,26.45,1781209
10-Dec-08,25.79,26.31,25.10,25.67,1830443
9-Dec-08,27.00,27.44,25.76,26.68,2023398
8-Dec-08,26.20,27.78,25.96,27.05,2035889
5-Dec-08,25.49,25.86,23.84,25.46,1523775
4-Dec-08,25.54,26.69,25.01,25.50,1116609
3-Dec-08,25.50,26.37,24.59,26.05,1955840
2-Dec-08,26.20,26.85,25.30,26.07,2360944
1-Dec-08,29.98,29.98,25.51,25.67,1987483
28-Nov-08,29.68,31.00,29.05,30.90,821816
27-Nov-08,30.07,30.07,30.07,30.07,0
26-Nov-08,27.05,30.23,26.99,30.07,1670837
25-Nov-08,26.43,27.40,26.43,27.29,1718028
24-Nov-08,24.49,26.86,23.69,26.33,1447183
21-Nov-08,22.19,24.11,21.96,23.69,2555647
20-Nov-08,23.06,23.95,21.49,21.57,1766255
19-Nov-08,25.47,25.72,23.00,23.09,1234620
18-Nov-08,25.72,27.06,24.70,25.28,1873227
17-Nov-08,25.88,26.20,25.04,25.40,995854
14-Nov-08,26.71,27.12,25.95,26.25,1009775
13-Nov-08,25.25,27.75,23.55,27.45,2492071
12-Nov-08,25.64,26.87,25.08,26.01,1747344
11-Nov-08,29.61,29.69,26.21,26.83,2525754
10-Nov-08,32.36,32.36,30.65,30.99,1004122
7-Nov-08,30.67,31.80,30.47,31.00,452800
6-Nov-08,31.51,32.28,29.92,30.29,898000
5-Nov-08,33.94,34.32,31.96,32.22,670700
4-Nov-08,32.93,34.95,31.95,34.50,799800
3-Nov-08,32.63,33.23,31.68,32.17,627000
31-Oct-08,32.00,33.17,31.72,32.40,773700
30-Oct-08,32.94,33.59,31.57,32.39,974000
29-Oct-08,30.43,32.75,28.85,31.97,1225700
28-Oct-08,26.50,30.67,26.50,30.62,1789500
27-Oct-08,27.50,28.50,25.72,25.76,1516900
24-Oct-08,26.97,27.88,25.71,27.68,2597800
23-Oct-08,30.50,30.65,27.47,28.97,1504300
22-Oct-08,30.75,31.18,29.99,30.48,1888300
21-Oct-08,32.25,32.81,31.34,31.58,942100
20-Oct-08,32.78,33.95,32.33,33.00,3750800
17-Oct-08,32.62,33.99,31.91,32.62,1188300
16-Oct-08,31.53,32.58,30.36,32.41,1918800
15-Oct-08,33.00,33.00,31.50,31.53,1731200
14-Oct-08,34.22,34.91,32.30,33.26,1149000
13-Oct-08,31.90,33.92,31.22,33.89,1630300
10-Oct-08,32.24,32.24,29.96,30.69,2737600
9-Oct-08,32.78,33.62,32.45,32.51,1511000
8-Oct-08,31.66,35.08,31.42,32.51,1534100
7-Oct-08,32.30,34.12,31.72,33.01,2475100
6-Oct-08,31.24,32.53,29.99,32.21,2310400
3-Oct-08,32.47,33.62,31.93,32.10,1871000
2-Oct-08,33.80,34.34,32.00,32.23,1756200
1-Oct-08,34.78,35.16,33.28,34.08,1534800
30-Sep-08,33.48,35.65,33.48,35.20,1989400
29-Sep-08,35.09,35.09,31.80,32.88,2000800
26-Sep-08,36.50,36.60,35.29,35.62,1242300
25-Sep-08,36.35,37.70,35.53,37.42,1255900
24-Sep-08,36.52,37.11,35.14,35.72,1699100
23-Sep-08,39.30,39.71,35.82,36.20,1864300
22-Sep-08,41.62,41.68,39.50,39.71,1025600
19-Sep-08,43.00,45.23,40.42,41.88,2190700
18-Sep-08,36.00,41.00,33.54,41.00,3020600
17-Sep-08,37.11,37.93,35.21,35.48,1828600
16-Sep-08,37.66,38.07,36.81,37.75,1908000
15-Sep-08,37.89,39.36,37.52,38.58,1075900
12-Sep-08,37.57,39.74,37.09,39.10,1438000
11-Sep-08,38.66,38.68,37.68,38.08,2501100
10-Sep-08,39.19,39.76,38.06,39.10,1055300
9-Sep-08,40.68,41.27,38.59,38.95,1407900
8-Sep-08,41.33,42.50,39.77,40.59,1708800
5-Sep-08,39.51,40.49,38.99,40.00,1096800
4-Sep-08,41.22,41.22,39.27,40.01,1720900
3-Sep-08,42.73,42.73,40.53,41.48,1767800
2-Sep-08,43.00,43.51,42.22,42.48,911500
29-Aug-08,42.10,42.79,41.73,42.64,782900
28-Aug-08,41.59,42.62,41.51,42.42,783400
27-Aug-08,40.91,42.49,40.76,41.81,971200
26-Aug-08,41.83,41.95,40.82,41.16,662300
25-Aug-08,41.48,42.92,41.14,41.84,1235000
22-Aug-08,40.60,41.63,40.35,41.56,996300
21-Aug-08,39.60,40.36,39.37,40.33,715200
20-Aug-08,38.60,40.86,38.60,40.00,1776300
19-Aug-08,38.35,39.83,37.83,38.56,1340700
18-Aug-08,40.11,40.11,38.10,38.39,1562700
15-Aug-08,39.18,40.54,39.03,39.86,1428300
14-Aug-08,38.17,40.18,38.13,39.27,1166600
13-Aug-08,38.11,38.86,37.52,38.50,1653900
12-Aug-08,38.55,39.05,37.53,38.02,1865900
11-Aug-08,39.93,40.93,37.97,38.48,2403100
8-Aug-08,40.01,41.40,39.79,41.00,1533900
7-Aug-08,43.05,43.05,39.21,40.55,4054900
6-Aug-08,44.10,44.54,43.01,43.94,1975400
5-Aug-08,44.84,45.00,43.86,44.38,1247200
4-Aug-08,46.95,47.00,44.50,44.68,1137100
1-Aug-08,45.74,46.90,44.94,46.20,1065400
31-Jul-08,45.42,45.87,45.00,45.23,702900
30-Jul-08,45.82,47.09,45.35,45.83,1176000
29-Jul-08,45.14,45.90,44.69,45.33,732800
28-Jul-08,46.41,47.86,44.60,45.15,2291700
25-Jul-08,43.41,45.69,42.90,45.30,2166300
24-Jul-08,44.99,44.99,43.33,43.59,1535200
23-Jul-08,42.02,44.66,41.68,43.79,1869100
22-Jul-08,41.30,42.06,40.77,41.98,992600
21-Jul-08,42.40,42.40,40.92,41.83,831500
18-Jul-08,42.24,42.30,41.31,41.93,714900
17-Jul-08,42.99,43.08,41.19,42.37,1457500
16-Jul-08,39.68,42.96,39.21,42.83,2058600
15-Jul-08,40.20,40.93,39.24,39.91,1916300
14-Jul-08,42.04,42.04,40.09,40.65,731300
11-Jul-08,41.16,41.98,39.97,41.18,986800
10-Jul-08,41.65,42.55,40.66,41.32,790200
9-Jul-08,42.45,43.85,41.49,41.65,1340200
8-Jul-08,40.61,42.92,40.22,42.54,1640000
7-Jul-08,42.30,42.85,40.33,41.52,1621000
3-Jul-08,41.71,42.18,41.14,42.06,1176100
2-Jul-08,42.98,42.98,41.29,41.76,1344700
1-Jul-08,42.25,42.86,41.18,42.78,2446700
30-Jun-08,42.83,43.69,42.40,42.55,660500
27-Jun-08,43.63,43.96,42.62,43.23,810700
26-Jun-08,44.41,44.41,43.37,44.08,1044700
25-Jun-08,43.77,45.74,43.74,44.90,1564800
24-Jun-08,44.25,45.18,43.37,44.03,1572600
23-Jun-08,44.92,45.59,44.22,44.39,960300
20-Jun-08,48.22,48.74,44.42,44.81,3000200
19-Jun-08,48.13,49.25,47.50,49.09,1080200
18-Jun-08,48.65,48.83,47.52,48.32,898800
17-Jun-08,49.34,49.79,48.50,49.15,1064000
16-Jun-08,48.07,49.34,47.75,48.90,1129500
13-Jun-08,47.40,48.27,47.01,48.14,942600
12-Jun-08,46.70,48.08,46.68,47.07,2019300
11-Jun-08,46.30,47.32,45.82,45.93,1563500
10-Jun-08,49.23,49.23,46.26,46.40,3452700
9-Jun-08,50.71,51.60,48.80,49.66,2032100
6-Jun-08,53.21,53.47,50.75,50.91,2032300
5-Jun-08,53.66,54.30,52.89,53.92,2027200
4-Jun-08,52.29,54.59,52.29,53.12,2201000
3-Jun-08,53.90,55.00,52.07,52.80,2392300
2-Jun-08,53.27,53.82,52.68,53.80,1952900
30-May-08,54.10,54.16,52.83,53.27,1684400
29-May-08,51.66,54.24,51.34,53.53,2217800
28-May-08,50.53,51.60,50.17,51.45,1206600
27-May-08,50.34,51.43,49.42,50.17,1975500
23-May-08,50.40,51.17,49.86,50.20,1637000
22-May-08,50.57,52.99,49.30,50.74,3178500
21-May-08,51.10,52.95,50.25,50.44,2341100
20-May-08,53.00,53.20,50.64,51.19,2968700
19-May-08,54.06,55.01,53.03,53.59,2434700
16-May-08,56.70,56.78,54.50,54.93,2285800
15-May-08,58.36,58.60,55.36,56.21,9782800
14-May-08,52.92,53.80,50.86,53.15,3149200
13-May-08,51.99,54.00,50.28,51.88,3257400
12-May-08,48.23,51.90,47.75,51.05,2601700
9-May-08,46.00,48.18,45.66,48.00,1418700
8-May-08,47.25,47.28,45.30,46.39,1281200
7-May-08,46.92,49.62,46.29,46.49,1932600
6-May-08,46.74,47.73,45.80,46.96,981500
5-May-08,47.24,47.49,46.60,47.19,887000
2-May-08,47.49,47.84,46.29,46.89,931900
1-May-08,46.59,47.85,46.52,47.20,955100
30-Apr-08,45.30,47.50,45.30,46.20,1051500
29-Apr-08,46.55,47.18,40.32,46.27,2227300
28-Apr-08,48.52,49.45,47.16,47.71,3126700
25-Apr-08,44.75,47.45,43.81,47.05,1408800
24-Apr-08,43.41,44.74,42.31,43.75,1369400
23-Apr-08,41.47,43.77,41.29,43.45,885200
22-Apr-08,40.31,41.50,40.28,41.01,692500
21-Apr-08,41.04,41.14,40.29,40.89,917700
18-Apr-08,41.59,42.56,40.46,41.44,1969300
17-Apr-08,39.52,39.73,38.64,39.04,614100
16-Apr-08,36.37,40.95,36.28,39.81,2272300
15-Apr-08,36.05,36.39,35.23,36.12,537400
14-Apr-08,36.42,36.69,35.90,36.12,500800
11-Apr-08,36.74,36.80,35.99,36.34,465000
10-Apr-08,37.29,37.29,36.57,37.00,841700
9-Apr-08,37.50,37.65,37.01,37.41,803700
8-Apr-08,37.02,37.85,37.00,37.62,544400
7-Apr-08,37.53,38.28,37.04,37.28,639400
4-Apr-08,37.72,38.00,37.00,37.93,518200
3-Apr-08,36.89,38.00,36.66,37.55,529900
2-Apr-08,37.00,37.59,36.71,37.13,545200
1-Apr-08,35.78,37.35,35.66,37.18,868600
31-Mar-08,34.99,35.26,34.51,35.25,1434800
28-Mar-08,34.45,35.98,34.36,35.52,1620800
27-Mar-08,34.79,35.36,33.60,34.23,756300
26-Mar-08,34.25,34.56,33.94,34.30,471100
25-Mar-08,34.35,34.73,33.83,34.32,780400
24-Mar-08,33.54,35.10,33.19,34.59,1003900
20-Mar-08,32.52,33.58,32.00,33.29,1625700
19-Mar-08,35.46,36.12,32.24,32.44,2404000
18-Mar-08,35.00,35.84,34.77,35.46,977500
17-Mar-08,34.50,35.00,33.87,34.83,1811300
14-Mar-08,37.33,37.33,35.70,36.06,1029900
13-Mar-08,37.77,37.77,35.95,37.00,1110600
12-Mar-08,37.64,39.19,37.28,38.07,1060100
11-Mar-08,37.52,38.66,36.70,37.55,2003600
10-Mar-08,38.97,39.67,36.48,36.68,1524300
7-Mar-08,39.00,40.28,38.42,39.46,1355100
6-Mar-08,38.57,40.08,38.31,39.15,1141600
5-Mar-08,39.55,40.35,38.81,39.39,629600
4-Mar-08,39.92,39.98,38.83,39.65,766500
3-Mar-08,41.15,41.22,39.44,40.08,841200
29-Feb-08,42.50,43.19,41.11,41.41,985100
28-Feb-08,41.21,43.73,41.21,42.60,1425000
27-Feb-08,41.54,42.83,41.26,41.91,1525000
26-Feb-08,40.75,42.45,40.48,42.14,550100
25-Feb-08,42.13,42.15,40.49,40.98,888500
22-Feb-08,40.54,41.50,40.51,41.50,766400
21-Feb-08,43.04,43.29,40.10,41.03,1977700
20-Feb-08,41.82,43.25,41.70,42.96,1480200
19-Feb-08,43.30,43.60,42.50,43.21,866900
15-Feb-08,42.50,43.03,41.84,42.37,1189700
14-Feb-08,42.50,44.01,42.23,42.80,1949200
13-Feb-08,41.84,42.41,40.61,42.40,1365500
12-Feb-08,41.00,42.25,40.51,41.13,992000
11-Feb-08,39.82,41.97,38.85,41.05,1426200
8-Feb-08,39.30,40.15,39.09,39.79,862000
7-Feb-08,39.50,40.32,39.00,39.30,1680400
6-Feb-08,42.00,42.76,39.69,40.02,2681200
5-Feb-08,42.61,42.75,41.04,41.91,1909800
4-Feb-08,44.14,45.90,43.05,43.61,1250900
1-Feb-08,41.11,44.70,40.73,44.67,2193200
31-Jan-08,37.64,40.17,37.54,39.70,1630100
30-Jan-08,39.62,39.67,37.84,38.25,1543100
29-Jan-08,42.13,42.13,39.86,40.05,1109600
28-Jan-08,40.73,42.50,40.25,41.47,943900
25-Jan-08,44.19,44.70,40.20,41.17,2112400
24-Jan-08,38.85,42.95,38.80,42.91,1887700
23-Jan-08,36.99,40.53,36.62,40.01,2106900
22-Jan-08,35.04,39.80,34.65,38.99,1609100
18-Jan-08,38.71,39.36,37.05,39.21,1426700
17-Jan-08,38.38,40.19,37.67,37.91,1836100
16-Jan-08,39.97,40.14,37.10,38.77,2443200
15-Jan-08,42.48,42.49,40.21,40.38,947800
14-Jan-08,41.20,44.11,40.97,43.43,1818000
11-Jan-08,41.50,42.50,40.40,40.97,847300
10-Jan-08,41.20,42.51,40.63,41.91,865900
9-Jan-08,42.46,43.00,40.00,41.82,1663800
8-Jan-08,42.95,44.63,42.70,42.76,1197200
7-Jan-08,46.18,46.32,42.53,43.35,1778900
4-Jan-08,45.99,46.02,44.46,45.00,1594100
3-Jan-08,45.56,46.97,44.37,46.53,2694200
2-Jan-08,44.60,45.29,42.88,43.10,951000
31-Dec-07,44.32,44.95,43.95,44.31,1096500
28-Dec-07,45.00,45.16,43.50,44.43,970500
27-Dec-07,45.33,45.36,44.18,44.95,1019100
26-Dec-07,45.40,45.99,45.20,45.50,501400
24-Dec-07,46.01,46.25,45.33,45.33,264800
21-Dec-07,45.22,46.14,45.11,45.99,1062500
20-Dec-07,44.60,45.25,43.76,45.21,1540400
19-Dec-07,45.62,46.36,44.02,44.55,1415900
18-Dec-07,45.86,46.34,44.20,45.68,839900
17-Dec-07,48.29,48.65,43.60,44.68,1777000
14-Dec-07,46.80,49.00,46.31,48.78,1156100
13-Dec-07,48.18,48.18,46.39,47.07,1083200
12-Dec-07,47.54,49.73,47.20,49.25,1566000
11-Dec-07,49.45,50.20,46.61,46.61,1070100
10-Dec-07,49.00,49.95,48.41,49.57,781300
7-Dec-07,49.95,50.09,48.30,48.91,565900
6-Dec-07,48.95,50.57,48.52,49.95,669900
5-Dec-07,48.44,49.10,47.88,48.94,586300
4-Dec-07,48.47,49.02,47.25,47.30,816400
3-Dec-07,48.15,49.59,47.89,48.52,940100
30-Nov-07,49.48,49.91,47.76,48.09,732000
29-Nov-07,48.20,49.00,47.91,48.31,625400
28-Nov-07,47.00,48.81,46.95,48.80,1424800
27-Nov-07,46.51,47.55,45.31,46.61,2604600
26-Nov-07,44.22,47.15,44.22,45.84,1884200
23-Nov-07,44.14,44.58,43.71,44.00,531300
21-Nov-07,43.50,45.00,43.50,44.05,1104400
20-Nov-07,45.79,45.95,44.51,45.60,1399400
19-Nov-07,45.91,46.47,44.25,44.71,1864300
16-Nov-07,47.07,47.24,45.12,46.83,2162500
15-Nov-07,44.13,48.22,43.75,46.81,4103400
14-Nov-07,53.98,53.98,48.81,49.50,1679900
13-Nov-07,46.82,51.48,46.72,51.48,2358000
12-Nov-07,47.86,48.38,45.38,46.00,2295400
9-Nov-07,48.40,50.30,47.75,48.28,1419800
8-Nov-07,53.85,53.99,48.05,49.88,2410200
7-Nov-07,54.99,56.96,54.50,54.58,596800
6-Nov-07,59.00,59.00,53.83,56.05,2135700
5-Nov-07,55.41,58.98,55.33,58.42,1108400
2-Nov-07,56.00,58.35,55.51,57.83,1934600
1-Nov-07,56.31,57.09,55.19,55.50,1144900
31-Oct-07,57.40,58.00,56.25,57.33,1474200
30-Oct-07,58.43,59.27,56.20,57.11,2410400
29-Oct-07,56.78,58.20,56.00,56.95,1909000
26-Oct-07,52.68,56.68,52.58,56.56,1754900
25-Oct-07,53.46,53.50,50.82,51.37,1082000
24-Oct-07,52.71,53.70,52.02,53.22,695600
23-Oct-07,52.11,53.88,51.32,53.50,1039700
22-Oct-07,51.00,51.70,50.10,51.12,1177900
19-Oct-07,54.60,54.68,51.75,51.80,1220600
18-Oct-07,54.50,55.16,54.01,54.72,831000
17-Oct-07,55.25,55.65,54.00,54.89,1038900
16-Oct-07,53.02,54.76,52.50,54.03,1205000
15-Oct-07,54.83,55.70,52.15,53.70,1399200
12-Oct-07,51.84,53.99,50.20,53.75,1583900
11-Oct-07,53.01,55.98,50.52,51.00,3713800
10-Oct-07,50.76,53.44,50.76,51.90,2100200
9-Oct-07,49.49,50.66,49.41,50.48,1478000
8-Oct-07,49.04,49.31,48.45,49.24,677500
5-Oct-07,48.50,48.97,47.94,48.88,1191200
4-Oct-07,48.50,48.55,47.35,48.00,486500
3-Oct-07,48.75,49.82,48.20,48.73,901200
2-Oct-07,48.90,49.32,48.14,49.00,1050800
1-Oct-07,48.15,49.24,48.10,48.60,638300
28-Sep-07,46.69,48.20,46.67,47.85,820300
27-Sep-07,48.40,48.42,46.20,46.35,1086100
26-Sep-07,48.94,49.06,47.12,47.42,897000
25-Sep-07,49.41,49.41,48.29,48.54,695300
24-Sep-07,50.00,50.08,49.15,49.53,980000
21-Sep-07,50.00,50.25,49.05,49.14,1173300
20-Sep-07,48.99,50.45,48.27,49.26,1657000
19-Sep-07,47.73,48.90,47.09,47.35,1164600
18-Sep-07,47.30,48.38,46.23,47.28,1887500
17-Sep-07,45.30,46.97,45.24,46.66,949400
14-Sep-07,43.75,45.60,43.53,44.98,730300
13-Sep-07,44.68,44.90,43.75,44.10,743000
12-Sep-07,43.50,45.05,43.11,44.25,869700
11-Sep-07,42.61,43.80,42.49,43.50,316300
10-Sep-07,43.02,43.48,42.15,42.88,332200
7-Sep-07,43.55,43.83,42.52,42.89,705100
6-Sep-07,43.80,44.87,43.67,44.23,423200
5-Sep-07,43.90,44.74,43.28,43.88,620600
4-Sep-07,41.85,44.92,41.78,43.60,1286500
31-Aug-07,41.68,41.99,41.43,41.68,630000
30-Aug-07,40.80,41.78,40.57,41.05,359700
29-Aug-07,39.97,41.01,39.88,40.87,506700
28-Aug-07,41.45,41.47,39.88,40.13,551400
27-Aug-07,40.96,42.03,40.50,41.66,612900
24-Aug-07,40.00,41.18,39.70,40.86,370000
23-Aug-07,42.04,42.18,39.10,40.22,1271400
22-Aug-07,37.65,42.41,37.64,41.97,2169700
21-Aug-07,38.04,38.42,36.94,37.31,663800
20-Aug-07,37.95,38.63,37.64,38.01,638100
17-Aug-07,36.85,37.89,36.49,37.43,954700
16-Aug-07,37.52,37.55,34.65,36.35,2229400
15-Aug-07,38.13,38.64,37.60,38.11,906400
14-Aug-07,38.96,39.49,38.17,38.40,1350700
13-Aug-07,38.48,40.23,38.48,39.64,888700
10-Aug-07,37.77,38.40,35.96,38.21,2130000
9-Aug-07,40.20,40.23,37.80,38.29,1223200
8-Aug-07,39.27,40.82,39.27,40.55,1452900
7-Aug-07,39.89,41.39,37.95,39.31,3981300
6-Aug-07,42.69,42.98,40.85,41.66,1701800
3-Aug-07,43.29,44.35,42.23,42.24,826000
2-Aug-07,43.51,43.82,42.70,43.42,687100
1-Aug-07,43.09,43.45,42.48,43.03,1326300
31-Jul-07,42.82,44.20,42.80,43.02,887100
30-Jul-07,41.83,42.77,41.28,42.39,1089000
27-Jul-07,42.41,42.84,41.36,41.78,704200
26-Jul-07,42.52,43.70,41.73,42.32,1113000
25-Jul-07,43.82,44.21,41.85,42.28,1207800
24-Jul-07,45.10,45.23,43.63,43.70,887400
23-Jul-07,45.36,46.05,44.85,44.96,462400
20-Jul-07,45.73,45.73,44.86,45.30,666600
19-Jul-07,46.19,46.75,45.65,46.01,737800
18-Jul-07,46.50,46.81,45.67,46.04,1029300
17-Jul-07,45.01,47.05,45.01,46.50,1385800
16-Jul-07,45.26,45.70,44.96,45.17,624000
13-Jul-07,45.17,45.43,44.52,45.25,472500
12-Jul-07,44.74,45.46,44.33,45.05,853400
11-Jul-07,44.26,44.84,43.55,44.29,655500
10-Jul-07,45.50,45.66,44.01,44.37,818000
9-Jul-07,45.35,46.32,45.11,45.45,958300
6-Jul-07,44.74,45.40,43.93,45.27,1023500
5-Jul-07,43.59,44.75,42.98,44.70,839900
3-Jul-07,43.31,44.29,43.20,43.40,934300
2-Jul-07,41.90,43.11,41.43,42.91,1695800
29-Jun-07,41.72,43.27,41.71,41.86,1537300
28-Jun-07,40.84,41.77,40.84,41.60,700900
27-Jun-07,40.50,40.98,40.30,40.86,554000
26-Jun-07,40.49,41.60,40.49,40.89,1341500
25-Jun-07,40.66,40.81,39.81,39.95,507900
22-Jun-07,40.92,41.23,40.36,40.80,883700
21-Jun-07,39.63,40.94,39.56,40.90,953000
20-Jun-07,40.36,40.36,39.49,39.79,701200
19-Jun-07,40.05,40.60,39.67,40.08,497400
18-Jun-07,39.38,40.39,39.18,40.18,758600
15-Jun-07,39.23,39.72,38.99,39.12,1055100
14-Jun-07,38.05,39.17,38.05,38.93,990700
13-Jun-07,38.67,38.79,37.95,38.13,770400
12-Jun-07,38.45,39.25,38.20,38.32,991700
11-Jun-07,40.37,41.25,38.33,38.43,2358100
8-Jun-07,38.19,39.41,38.19,39.14,1011500
7-Jun-07,39.31,39.56,37.93,38.26,1603800
6-Jun-07,40.00,40.19,31.53,39.59,1205700
5-Jun-07,40.53,41.00,40.40,40.63,1292100
4-Jun-07,39.89,40.75,39.64,40.74,1231800
1-Jun-07,39.85,40.60,39.77,40.24,1908400
31-May-07,39.75,40.02,39.49,39.88,1150400
30-May-07,38.74,39.88,38.50,39.48,1027100
29-May-07,38.72,40.00,38.72,39.60,1514200
25-May-07,37.66,39.05,37.66,38.81,783600
24-May-07,37.75,38.78,37.07,37.66,772100
23-May-07,38.93,39.09,37.68,37.76,835100
22-May-07,39.10,39.35,38.51,38.89,1065200
21-May-07,37.03,40.24,37.03,39.56,2165600
18-May-07,37.06,37.46,36.58,37.00,592300
17-May-07,36.20,37.57,35.94,37.07,1379700
16-May-07,35.84,36.32,35.40,36.26,1318900
15-May-07,35.75,38.34,35.40,35.61,5332300
14-May-07,36.35,36.60,35.60,36.17,1330900
11-May-07,36.37,36.65,35.49,35.60,2320700
10-May-07,34.78,36.26,34.78,35.72,1308200
9-May-07,34.90,34.99,34.40,34.98,501000
8-May-07,35.15,35.18,34.48,34.67,522500
7-May-07,34.75,35.26,34.62,35.00,599600
4-May-07,34.00,35.40,33.89,34.92,1009600
3-May-07,33.69,34.03,33.55,33.55,693300
2-May-07,34.13,34.42,33.65,33.76,933600
1-May-07,34.57,34.93,34.16,34.30,864300
30-Apr-07,34.61,35.36,34.41,34.48,1630800
27-Apr-07,34.44,34.98,34.23,34.56,1544900
26-Apr-07,32.57,34.79,32.57,34.24,1216800
25-Apr-07,32.45,32.91,32.33,32.76,490800
24-Apr-07,32.20,32.71,32.00,32.34,929800
